[
  {
    "t": 0.0,
    "action": "play_motion",
    "clip": "turn_spin_01",
    "intensity": 1.45,
    "loop": false
  },
  {
    "t": 0.469,
    "action": "play_motion",
    "clip": "hip_sway_01",
    "intensity": 1.25,
    "loop": true
  },
  {
    "t": 0.938,
    "action": "play_motion",
    "clip": "dance_hype_02",
    "intensity": 1.25,
    "loop": true
  },
  {
    "t": 1.406,
    "action": "play_motion",
    "clip": "step_left_01",
    "intensity": 1.25,
    "loop": true
  },
  {
    "t": 1.875,
    "action": "play_motion",
    "clip": "arm_wave_01",
    "intensity": 1.45,
    "loop": false
  },
  {
    "t": 2.344,
    "action": "play_motion",
    "clip": "step_right_01",
    "intensity": 1.25,
    "loop": true
  },
  {
    "t": 2.812,
    "action": "play_motion",
    "clip": "arm_wave_01",
    "intensity": 1.25,
    "loop": true
  },
  {
    "t": 3.281,
    "action": "play_motion",
    "clip": "arm_wave_01",
    "intensity": 1.25,
    "loop": true
  },
  {
    "t": 3.75,
    "action": "play_motion",
    "clip": "dance_hype_02",
    "intensity": 1.45,
    "loop": false
  },
  {
    "t": 4.219,
    "action": "play_motion",
    "clip": "dance_hype_01",
    "intensity": 1.25,
    "loop": true
  },
  {
    "t": 4.688,
    "action": "play_motion",
    "clip": "pose_hit_01",
    "intensity": 1.25,
    "loop": true
  },
  {
    "t": 5.156,
    "action": "play_motion",
    "clip": "dance_hype_02",
    "intensity": 1.25,
    "loop": true
  },
  {
    "t": 5.625,
    "action": "play_motion",
    "clip": "pose_hit_02",
    "intensity": 1.45,
    "loop": false
  },
  {
    "t": 6.094,
    "action": "play_motion",
    "clip": "dance_hype_02",
    "intensity": 1.25,
    "loop": true
  },
  {
    "t": 6.562,
    "action": "play_motion",
    "clip": "hip_sway_01",
    "intensity": 1.25,
    "loop": true
  },
  {
    "t": 7.031,
    "action": "play_motion",
    "clip": "turn_spin_01",
    "intensity": 1.25,
    "loop": true
  },
  {
    "t": 7.5,
    "action": "play_motion",
    "clip": "pose_hit_01",
    "intensity": 1.45,
    "loop": false
  },
  {
    "t": 7.969,
    "action": "play_motion",
    "clip": "turn_spin_01",
    "intensity": 1.25,
    "loop": true
  }
]