{
  "v": "5.7.4",
  "fr": 30,
  "ip": 0,
  "op": 90,
  "w": 512,
  "h": 512,
  "nm": "Etherea Splash Pulse (Placeholder)",
  "ddd": 0,
  "assets": [],
  "layers": [
    {
      "ddd": 0,
      "ind": 1,
      "ty": 4,
      "nm": "Pulse Circle",
      "sr": 1,
      "ks": {
        "o": { "a": 0, "k": 100 },
        "r": { "a": 0, "k": 0 },
        "p": { "a": 0, "k": [256, 256, 0] },
        "a": { "a": 0, "k": [0, 0, 0] },
        "s": {
          "a": 1,
          "k": [
            { "t": 0, "s": [40, 40, 100] },
            { "t": 45, "s": [115, 115, 100] },
            { "t": 90, "s": [40, 40, 100] }
          ]
        }
      },
      "shapes": [
        { "ty": "el", "p": { "a": 0, "k": [0, 0] }, "s": { "a": 0, "k": [250, 250] }, "nm": "Ellipse" },
        { "ty": "st", "c": { "a": 0, "k": [0.08, 0.78, 0.7, 1] }, "o": { "a": 0, "k": 100 }, "w": { "a": 0, "k": 10 }, "lc": 2, "lj": 2, "nm": "Stroke" },
        { "ty": "tr", "p": { "a": 0, "k": [0, 0] }, "a": { "a": 0, "k": [0, 0] }, "s": { "a": 0, "k": [100, 100] }, "r": { "a": 0, "k": 0 }, "o": { "a": 0, "k": 100 }, "nm": "Transform" }
      ],
      "ip": 0,
      "op": 90,
      "st": 0,
      "bm": 0
    }
  ],
  "markers": []
}
